08:00:27:ba:9c:c9,fony,192.168.0.210,2016-09-29
08:00:27:d5:cd:99,gun,192.168.0.201,2016-09-30
08:00:27:e6:d1:53,win,192.168.0.123,2016-09-31
11:11:11:11:11:51,a,192.168.0.101,2016-09-20
11:11:11:11:11:89,b,192.168.0.102,2016-09-21
11:11:11:11:131:13,c,192.168.0.103,2016-09-20
11:11:11:41:11:14,d,192.168.0.104,2016-09-21
11:11:14:11:11:15,e,192.168.0.105,2016-09-22
11:11:11:14:11:16,f,192.168.0.106,2016-09-21
11:14:11:11:11:17,g,192.168.0.107,2016-09-20
14:11:11:11:11:18,h,192.168.0.108,2016-09-21
11:14:11:11:11:19,i,192.168.0.109,2016-09-22
11:11:14:11:11:20,j,192.168.0.110,2016-09-22
11:41:11:14:11:21,k,192.168.0.112,2016-09-21
